A,B,C,D,E,F,G,H,I,J,
as,sd,null,Male,null,null,null,TRUE,TRUE,null,
sdg,sdh,null,Male,we,sd,null,TRUE,TRUE,null,
as,as,null,Male,null,as,null,TRUE,TRUE,null,
wer,wer,null,Male,werwe,wer,null,TRUE,TRUE,null,
e,as,null,Male,null,as,null,TRUE,TRUE,null,
null,sad,null,Male,null,null,null,TRUE,TRUE,null,
null,null,null,Male,null,null,null,TRUE,TRUE,null,
null,null,null,Male,null,null,null,TRUE,TRUE,null,
null,null,null,Male,null,null,null,TRUE,TRUE,null,
null,null,null,Male,null,null,null,TRUE,TRUE,null,
null,null,null,Male,null,null,null,TRUE,TRUE,null,
null,null,null,Male,null,null,null,TRUE,TRUE,null,
jonas,jonas,null,Male,asd,asd,12,TRUE,TRUE,as,
